EID,Env,genotype,pod_yield_g,sh_pc,sw_g,X100_sw,uid
1,Chitala,CG7,336.7851357,69.56764154,232.2238143,55.08059365,1
1,Chitala,CHALIMBANA,185.7109741,60.78613445,110.2448872,49.7761916,2
1,Chitala,ICG.12991,330.7914268,72.1086225,233.3571398,30.781226,3
1,Chitala,ICG.13099,155.9252421,26.72509428,77.46621151,19.98643083,4
1,Chitala,ICG.14466,203.2819665,42.93269202,112.1365479,31.24037475,5
1,Chitala,ICG.405,188.6240365,53.87751652,110.0806761,29.90506494,6
1,Chitala,ICG.6057,321.7208776,62.0703408,204.7333586,39.98904796,7
1,Chitala,ICGIL.17101,223.6523854,60.39629784,136.955503,34.11434647,8
1,Chitala,ICGIL.17102,244.5343018,55.43789728,146.2328881,36.34953005,9
1,Chitala,ICGIL.17105,251.7960919,65.85659801,161.1623829,36.27047262,10
1,Chitala,ICGIL.17106,218.6578676,65.53330831,131.2373449,41.93068099,11
1,Chitala,ICGIL.17107,277.947958,57.68087343,163.8710625,36.54976945,12
1,Chitala,ICGIL.17111,334.3866754,42.33047648,159.8542936,44.36168257,13
1,Chitala,ICGIL.17112,254.8672161,57.52102861,153.0768174,30.58269497,14
1,Chitala,ICGIL.17114,279.4178914,65.92312714,178.7918007,40.19379656,15
1,Chitala,ICGIL.17116,221.2587737,46.40916785,129.4166753,38.92111096,16
1,Chitala,ICGIL.17119,287.496561,66.58138408,185.5835749,40.92254006,17
1,Chitala,ICGIL.17121,208.2711024,46.83776697,110.1290239,35.99304144,18
1,Chitala,ICGIL.17124,197.8397042,52.04557032,110.1432902,34.77874136,19
1,Chitala,ICGIL.17126,310.6466647,69.22538407,215.9337758,42.28870787,20
1,Chitala,ICGIL.17128,247.6081577,69.0077947,163.8978424,48.54560937,21
1,Chitala,ICGV.00331,421.1949619,67.51833421,292.5968967,43.05534833,22
1,Chitala,ICGV.01276,658.6005723,75.65185714,525.6394023,46.38317441,23
1,Chitala,ICGV.02194,229.4811829,43.14387923,127.2743872,35.0873021,24
1,Chitala,ICGV.02286,238.3292308,72.97849693,146.0485437,31.15341141,25
1,Chitala,ICGV.15074,244.7144641,66.29048545,156.6143935,33.25748264,26
1,Chitala,ICGV.16013,295.2852833,71.06447607,203.9536905,35.95456805,27
1,Chitala,ICGV.16019,460.1077564,72.96720988,340.8803352,37.75640602,28
1,Chitala,ICGV.16669,310.8732643,62.71134115,196.4318877,44.21701095,29
1,Chitala,ICGV.1706,273.6584717,62.82639757,173.397592,51.20556778,30
1,Chitala,ICGV.171015,382.8819335,67.24457477,259.6289919,44.3885875,31
1,Chitala,ICGV.171025,390.1235441,67.64782739,262.3816733,51.22297256,32
1,Chitala,ICGV.SM.01514,340.6786278,70.91211707,234.361754,40.28090521,33
1,Chitala,ICGV.SM.01709,509.6986816,66.1783525,335.3349274,40.28000035,34
1,Chitala,ICGV.SM.01731,378.8852862,67.07790617,252.4237314,49.14534731,35
1,Chitala,ICGV.SM.02724,219.2215846,63.05267916,134.8237945,52.96660411,36
1,Chitala,ICGV.SM.03517,295.4225298,55.25328021,172.2892271,39.55667879,37
1,Chitala,ICGV.SM.03519,327.8440252,68.23856729,219.6389669,31.92490814,38
1,Chitala,ICGV.SM.03708,261.9292927,70.06659474,169.2735021,44.18382728,39
1,Chitala,ICGV.SM.03710,381.9357602,70.57415048,271.510722,48.03654025,40
1,Chitala,ICGV.SM.05521,229.0277352,61.11308697,146.3610395,41.35964409,41
1,Chitala,ICGV.SM.05562,371.4444122,66.8735375,247.2677893,44.16016534,42
1,Chitala,ICGV.SM.05693,162.0923038,65.48290403,98.11116655,34.36389459,43
1,Chitala,ICGV.SM.05702,364.0167056,70.93434837,259.1395022,47.63971185,44
1,Chitala,ICGV.SM.05723,411.0461926,65.63077594,273.2185523,52.01894381,45
1,Chitala,ICGV.SM.05738,473.4184883,58.25894466,289.0185658,50.61899464,46
1,Chitala,ICGV.SM.06687,230.7836181,43.33152221,120.9114742,35.37444446,47
1,Chitala,ICGV.SM.06729,378.2483285,66.90844188,258.37232,59.34298958,48
1,Chitala,ICGV.SM.07501,335.7421756,67.35977928,226.4239955,40.4578714,49
1,Chitala,ICGV.SM.07510,283.6965782,65.66405696,187.4622857,38.26807949,50
1,Chitala,ICGV.SM.07517,194.9897942,62.51442592,120.36528,34.9902816,51
1,Chitala,ICGV.SM.07520,420.8613871,60.59821357,270.5290402,32.76197917,52
1,Chitala,ICGV.SM.07539,402.1289192,66.920705,277.1886233,45.26805668,53
1,Chitala,ICGV.SM.07540,326.3728897,60.62571869,203.0652387,32.1524596,54
1,Chitala,ICGV.SM.07541,278.2123913,68.54059973,192.5758638,35.52340911,55
1,Chitala,ICGV.SM.07553,352.0440693,59.57067181,215.639739,26.35757731,56
1,Chitala,ICGV.SM.07593,193.2133382,56.71990033,115.1593636,32.48443791,57
1,Chitala,ICGV.SM.08503,392.9154111,71.51632801,285.8966839,53.16978257,58
1,Chitala,ICGV.SM.08533,319.7701113,69.27220742,222.1962282,34.20668323,59
1,Chitala,ICGV.SM.08540,231.8903376,74.31412409,159.2884764,32.17729567,60
1,Chitala,ICGV.SM.08577,336.3944017,67.23010442,227.0106521,40.69808805,61
1,Chitala,ICGV.SM.09511,384.7613525,61.94254969,252.6671265,43.53598231,62
1,Chitala,ICGV.SM.10005,335.6307281,66.2889092,229.3919477,46.62379654,63
1,Chitala,ICGV.SM.10008,473.7756467,66.08146575,319.6852231,54.17907238,64
1,Chitala,ICGV.SM.10014,377.2348662,68.38598491,271.215782,48.80714153,65
1,Chitala,ICGV.SM.10021,299.3008146,62.32234097,196.6375521,54.22204977,66
1,Chitala,ICGV.SM.10028,373.6283919,60.03897845,232.5991962,37.91877352,67
1,Chitala,ICGV.SM.10031,210.8134307,60.57270558,122.6358149,40.67109419,68
1,Chitala,ICGV.SM.10043,244.1343445,67.30986559,160.5641573,32.67676608,69
1,Chitala,ICGV.SM.10044,167.91252,58.91612442,98.04884821,35.39583037,70
1,Chitala,ICGV.SM.15514,348.0762777,59.78871195,222.7783178,33.59255146,71
1,Chitala,ICGV.SM.15523,374.3766919,66.60304287,248.8419079,45.48830182,72
1,Chitala,ICGV.SM.15537,410.7707475,59.30982022,243.4887432,31.67256077,73
1,Chitala,ICGV.SM.15538,360.8784708,60.96629715,227.9517632,38.65929317,74
1,Chitala,ICGV.SM.15542,436.4805105,70.61555111,310.3120059,31.31348743,75
1,Chitala,ICGV.SM.15554,408.2214029,67.53668299,274.4987206,37.74581838,76
1,Chitala,ICGV.SM.15557,509.4936468,70.61841878,362.7157013,32.37776052,77
1,Chitala,ICGV.SM.15559,516.769103,71.48335075,381.3480393,33.94565846,78
1,Chitala,ICGV.SM.15562,342.075973,66.83502525,225.0556193,30.31759148,79
1,Chitala,ICGV.SM.15564,439.616273,67.53220502,298.7287483,35.7214467,80
1,Chitala,ICGV.SM.15567,442.075426,64.45033402,297.926948,36.27935573,81
1,Chitala,ICGV.SM.15575,434.3997591,67.61226315,303.2771727,46.92769296,82
1,Chitala,ICGV.SM.15576,413.8953694,68.85115835,294.1476252,47.40833121,83
1,Chitala,ICGV.SM.15578,370.247184,63.50620631,249.9126064,39.52324785,84
1,Chitala,ICGV.SM.15579,311.0230511,58.92253292,200.252764,48.18897473,85
1,Chitala,ICGV.SM.15587,408.205444,61.00666276,278.1400182,50.58699841,86
1,Chitala,ICGV.SM.15592,342.2034363,55.41841664,204.0660081,47.01860515,87
1,Chitala,ICGV.SM.15593,330.9248709,62.50246863,223.8450359,46.0704581,88
1,Chitala,ICGV.SM.15598,350.7485557,66.25562874,231.9056305,47.43909269,89
1,Chitala,ICGV.SM.15607,253.9619267,52.95366305,148.3848259,37.14893232,90
1,Chitala,ICGV.SM.15611,391.0187854,64.57490499,252.4772501,47.2984632,91
1,Chitala,ICGV.SM.15621,398.4665543,70.59667488,280.589657,42.32569494,92
1,Chitala,ICGV.SM.15622,244.0308805,54.61387604,156.5329624,38.81703503,93
1,Chitala,ICGV.SM.15623,362.0632327,66.66118663,245.1737506,45.4679761,94
1,Chitala,ICGV.SM.15627,307.6665171,65.27657724,203.0923889,48.30567521,95
1,Chitala,ICGV.SM.15631,419.2363761,68.14438074,284.7612142,45.96483991,96
1,Chitala,ICGV.SM.16505,307.8240242,69.53413385,214.0674654,32.07726209,97
1,Chitala,ICGV.SM.16514,347.7963883,64.87637614,241.0990568,32.54262401,98
1,Chitala,ICGV.SM.16521,375.4170604,70.55117984,265.8426717,30.68368068,99
1,Chitala,ICGV.SM.16523,327.7067615,65.46918702,212.2900737,31.94927065,100
1,Chitala,ICGV.SM.16527,358.832004,65.32458102,238.5363813,31.5658843,101
1,Chitala,ICGV.SM.16528,403.57014,69.3310376,292.8802137,35.20480649,102
1,Chitala,ICGV.SM.16529,347.4670702,68.57506351,236.8459043,38.61071335,103
1,Chitala,ICGV.SM.16531,462.8367781,63.95678668,309.7734145,35.50583461,104
1,Chitala,ICGV.SM.16554,252.5951694,63.06661188,161.2736843,38.59319746,105
1,Chitala,ICGV.SM.16555,301.6899716,60.48631268,187.1462816,29.24946958,106
1,Chitala,ICGV.SM.16556,406.5041232,63.4748285,260.7433275,34.16826507,107
1,Chitala,ICGV.SM.16557,380.9312397,60.18233928,237.3216854,33.79058882,108
1,Chitala,ICGV.SM.16558,376.4159394,68.29829947,253.6795547,56.48871947,109
1,Chitala,ICGV.SM.16559,331.5427635,67.02205603,222.2722381,38.81433197,110
1,Chitala,ICGV.SM.16560,286.7289073,69.46542021,198.3273091,29.52681701,111
1,Chitala,ICGV.SM.16562,290.379945,63.75652471,201.5874008,39.83294554,112
1,Chitala,ICGV.SM.16563,370.5640624,65.64551713,241.2236954,52.08447894,113
1,Chitala,ICGV.SM.16565,327.8133165,68.91536065,232.1467348,33.0770063,114
1,Chitala,ICGV.SM.16567,337.5709997,70.81790001,236.3476559,31.34318489,115
1,Chitala,ICGV.SM.16568,408.9054181,68.34387886,285.6752311,36.62497741,116
1,Chitala,ICGV.SM.16571,380.578185,66.75081183,256.3880031,38.58332686,117
1,Chitala,ICGV.SM.16572,370.8163435,72.98026846,275.664009,33.0652511,118
1,Chitala,ICGV.SM.16575,424.4215674,67.86858484,287.7435235,37.7115516,119
1,Chitala,ICGV.SM.16576,333.8410016,65.6027594,219.2518131,40.01593381,120
1,Chitala,ICGV.SM.16577,286.0403109,75.38243573,209.4352743,30.86304449,121
1,Chitala,ICGV.SM.16578,345.5917029,69.41157043,233.0993615,36.60978341,122
1,Chitala,ICGV.SM.16579,378.9789068,70.62680207,273.894819,35.62969735,123
1,Chitala,ICGV.SM.16581,316.424642,74.7958963,226.8117293,31.44184943,124
1,Chitala,ICGV.SM.16584,336.3850936,65.72637313,224.5670726,35.99836362,125
1,Chitala,ICGV.SM.16586,314.8620761,61.17683001,198.745509,35.61133901,126
1,Chitala,ICGV.SM.16587,407.5096189,74.28137907,306.7572973,35.04963435,127
1,Chitala,ICGV.SM.16589,520.3107631,69.43763543,375.2185449,37.20798609,128
1,Chitala,ICGV.SM.16591,484.1479686,71.21800322,351.408044,37.84475073,129
1,Chitala,ICGV.SM.16592,375.9852636,59.24860685,233.6481646,37.45365332,130
1,Chitala,ICGV.SM.16596,590.5262986,55.46841425,333.83323,36.09090819,131
1,Chitala,ICGV.SM.16597,302.0651013,74.08612319,211.5105033,40.21917044,132
1,Chitala,ICGV.SM.16598,423.6440042,69.47002688,303.322623,37.38109184,133
1,Chitala,ICGV.SM.16600,385.0214272,65.42721778,247.8679429,30.45201597,134
1,Chitala,ICGV.SM.16601,437.029841,59.49544024,274.2924647,42.00401174,135
1,Chitala,ICGV.SM.16603,328.2690685,74.22487007,236.368101,29.7685399,136
1,Chitala,ICGV.SM.16605,228.2938062,62.96882593,143.8570344,29.49053576,137
1,Chitala,ICGV.SM.16609,434.9513195,76.5290501,330.3857736,28.59645308,138
1,Chitala,ICGV.SM.16611,352.1857881,70.60146033,245.8608069,33.00181816,139
1,Chitala,ICGV.SM.16613,467.9029677,71.78292531,337.7779622,37.57877613,140
1,Chitala,ICGV.SM.16614,305.4499434,67.17917087,203.7402797,37.16994482,141
1,Chitala,ICGV.SM.16615,477.6076442,69.75670951,341.8693319,34.00016656,142
1,Chitala,ICGV.SM.16616,309.666604,63.5046129,198.0761183,43.15384823,143
1,Chitala,ICGV.SM.16617,471.2864614,70.81602352,334.1930772,37.6587292,144
1,Chitala,ICGV.SM.16618,420.7751509,71.60974679,301.0028208,37.51932814,145
1,Chitala,ICGV.SM.16619,316.9444402,69.21271826,217.4136038,34.35495019,146
1,Chitala,ICGV.SM.16621,324.5613779,71.34829053,229.6013422,34.21842898,147
1,Chitala,ICGV.SM.16624,234.2413171,65.45145515,157.536797,35.15384463,148
1,Chitala,ICGV.SM.16625,325.4385811,58.65658046,197.7502753,43.72429172,149
1,Chitala,ICGV.SM.16626,320.2559118,51.33071845,176.47635,35.31369082,150
1,Chitala,ICGV.SM.16627,310.7911649,67.70946557,217.7190698,35.0708184,151
1,Chitala,ICGV.SM.16630,370.5720235,72.75786595,268.9001119,47.98114814,152
1,Chitala,ICGV.SM.16631,338.6594376,66.39760549,222.5778694,44.89147252,153
1,Chitala,ICGV.SM.16633,347.3658106,72.11335815,248.8359008,31.84736385,154
1,Chitala,ICGV.SM.16634,411.4829478,68.64154919,290.0892287,40.94502422,155
1,Chitala,ICGV.SM.16636,395.114007,50.73743558,223.0063781,52.45846347,156
1,Chitala,ICGV.SM.16637,540.1750368,67.15892235,372.2812049,40.63691588,157
1,Chitala,ICGV.SM.3520,234.2821483,62.89992387,154.7486363,32.13902067,158
1,Chitala,ICGV.SM.6519,186.0249955,67.84940751,119.6398049,33.42188632,159
1,Chitala,ICGV.SM.6525,205.3766085,39.20723721,114.4925827,29.39627988,160
1,Chitala,ICGV.SM.6637,203.4598085,60.12373335,126.6526003,44.4129447,161
1,Chitala,ICGV.SM.7599,404.6865459,67.89016618,278.4770409,50.07715852,162
1,Chitala,ICGV.SM.8501,244.823904,59.13621103,158.3727716,44.8500036,163
1,Chitala,ICGV.SM.8528,225.0693066,69.18500424,145.1609876,37.72263034,164
1,Chitala,ICGV.SM.8538,346.8485232,67.1737949,230.2722017,37.61162038,165
1,Chitala,ICGV.SM.8547,250.3540654,60.31222016,153.2597125,31.30461551,166
1,Chitala,ICGV.SM.90704,438.9009513,65.85670456,301.1079971,40.87500239,167
1,Chitala,ICGV.SM.95714,239.3333588,64.74252336,154.7985958,41.72540044,168
1,Chitala,ICGV.SM.99537,257.2015638,61.90579464,158.8149654,29.35604952,169
1,Chitala,ICGV.SM.99551,269.9158514,65.94434734,173.7991721,41.04967574,170
1,Chitala,ICGV.SM.99566,339.0763441,67.57534289,224.3794715,31.46588117,171
1,Chitala,ICGV.SM.99568,202.8288234,59.1740282,126.3154887,29.68260251,172
1,Chitala,ICGX.SM.14001.B.6.1.3.1.1,197.0506403,46.75239979,104.9729447,33.17847214,173
1,Chitala,ICGX.SM.14008.B.2.1.2.2.1.1,327.0476283,62.45508388,210.421185,34.46379975,174
1,Chitala,ICGX.SM.14008.B.3.1.1.5.1.1,377.813221,72.59930735,275.7293727,31.46876394,175
1,Chitala,ICGX.SM.14008.B.9.1.2.3.1.1,252.4794363,65.77146401,169.1035526,39.6940763,176
1,Chitala,ICGX.SM.14008.B.9.1.2.4.1.1,251.6103356,57.48489377,150.9871987,41.25999183,177
1,Chitala,ICGX.SM.14014.B.10.1.1.3.1.1,264.2267985,59.64155376,158.6222244,37.53631643,178
1,Chitala,ICGX.SM.14014.B.6.1.1.5.1.1,343.1549455,70.34270121,251.4900433,46.90022344,179
1,Chitala,ICGX.SM.14014.B.7.1.2.6.1.1,164.9260019,44.11288198,87.4044013,36.52184204,180
1,Chitala,ICGX.SM.14017.B.1.1.1.11.1.1,199.9114097,40.58547258,112.2553661,28.22721706,181
1,Chitala,ICGX.SM.14018.B.3.1.3.6.1.1,254.6521995,66.86531736,165.9196041,36.47842289,182
1,Chitala,ICGX.SM.14019.B.8.1.1.3.1,221.8497853,69.09864862,144.1306891,37.6602091,183
1,Chitala,ICGX.SM.14020.B.4.1.3.4.1.1,192.2596893,51.84976297,110.1547646,33.4316916,184
1,Chitala,ICGX.SM.14020.B.6.1.2.3.1.1,170.6796718,55.81497963,100.7714604,30.90598355,185
1,Chitala,ICGX.SM.14020.B.6.1.2.4.1.1,245.810054,63.13126337,152.6614514,37.44657074,186
1,Chitala,ICGX.SM.14021.B.13.1.1.2.1.1,276.6146527,51.24112282,147.9783109,31.70260466,187
1,Chitala,ICGX.SM.14025.B.13.1.1.3.1.1,281.9985409,69.7520292,193.3588587,44.05128366,188
1,Chitala,ICGX.SM.14025.B.17.1.1.6.1.1,341.5229338,59.70604941,215.9466314,35.41143567,189
1,Chitala,ICGX.SM.14026.B.3.1.1.6.1,283.0692437,70.6298778,198.2318395,40.14445219,190
1,Chitala,ICGX.SM.14033.B.6.1.1.3.1,225.7355559,62.54781829,140.6630317,34.41335588,191
1,Chitala,JL.24,330.822503,62.1110921,196.5925166,39.49808351,192
2,Chitedze,CG7,101.641525,33.67381083,34.67676606,36.07652653,193
2,Chitedze,CHALIMBANA,83.88301121,17.43380499,23.61180331,35.38858608,194
2,Chitedze,ICG.12991,104.3509157,34.34420602,41.3831916,21.89490481,195
2,Chitedze,ICG.13099,71.26654268,7.471486398,16.3154739,12.20103536,196
2,Chitedze,ICG.14466,76.70785631,3.846914887,16.69874863,20.21241565,197
2,Chitedze,ICG.405,80.66358762,40.08962091,25.78320148,20.23859193,198
2,Chitedze,ICG.6057,111.6984486,58.58831601,49.84349427,28.09395707,199
2,Chitedze,ICGIL.17101,96.15769239,7.758011532,20.72673936,22.34502378,200
2,Chitedze,ICGIL.17102,114.5622081,55.68630178,52.61845803,26.47420348,201
2,Chitedze,ICGIL.17105,98.5729886,9.848136869,26.52780124,24.41888726,202
2,Chitedze,ICGIL.17106,117.6803311,4.760726284,22.45519831,28.65383691,203
2,Chitedze,ICGIL.17107,105.8074048,12.34488882,34.39999886,23.70514996,204
2,Chitedze,ICGIL.17111,123.4134697,53.14005386,61.73380883,34.8551736,205
2,Chitedze,ICGIL.17112,101.2612648,5.138262787,26.03471209,20.3969027,206
2,Chitedze,ICGIL.17114,102.8420606,14.53760722,27.82150353,24.51280161,207
2,Chitedze,ICGIL.17116,103.8463856,69.31092605,49.7208565,29.35091341,208
2,Chitedze,ICGIL.17119,96.57199333,15.91397559,26.6237949,25.56949958,209
2,Chitedze,ICGIL.17121,71.75543771,40.66224903,23.96503297,24.90466506,210
2,Chitedze,ICGIL.17124,71.51230131,2.875996216,16.4024589,19.10958333,211
2,Chitedze,ICGIL.17126,76.57552203,38.08974883,26.01323218,27.60303243,212
2,Chitedze,ICGIL.17128,84.53535616,10.76836887,21.56760184,28.12573188,213
2,Chitedze,ICGV.00331,143.7365846,65.85709699,105.1501664,31.9349509,214
2,Chitedze,ICGV.01276,146.4937664,69.36756148,99.04176421,34.90802605,215
2,Chitedze,ICGV.02194,136.0449832,70.67925938,110.4725407,30.22149008,216
2,Chitedze,ICGV.02286,107.541623,6.160946025,28.76594161,20.20719955,217
2,Chitedze,ICGV.15074,82.42037406,22.07998491,23.77951039,20.89541651,218
2,Chitedze,ICGV.16013,80.23396388,13.23561952,21.77355626,20.25739524,219
2,Chitedze,ICGV.16019,90.27006563,22.04041627,31.76510354,27.56308867,220
2,Chitedze,ICGV.16669,98.97786535,30.15243942,32.14922521,28.11599434,221
2,Chitedze,ICGV.1706,105.7820693,75.99104735,64.26320108,40.14750185,222
2,Chitedze,ICGV.171015,107.4761415,40.63082678,47.29399961,33.84396773,223
2,Chitedze,ICGV.171025,101.8326681,17.10322075,33.2171912,33.87916624,224
2,Chitedze,ICGV.SM.01514,131.0909322,43.80534432,65.8153123,26.98984215,225
2,Chitedze,ICGV.SM.01709,179.7365473,62.75562561,115.9413594,31.69253744,226
2,Chitedze,ICGV.SM.01731,127.3661591,53.13346591,60.54313407,38.47785634,227
2,Chitedze,ICGV.SM.02724,117.2552799,29.02412211,49.56262018,36.09542306,228
2,Chitedze,ICGV.SM.03517,132.4047436,57.13984225,79.45407743,30.87419396,229
2,Chitedze,ICGV.SM.03519,129.0032364,50.22255056,68.801997,24.38218779,230
2,Chitedze,ICGV.SM.03708,119.1285511,28.66310685,38.35685951,30.94700786,231
2,Chitedze,ICGV.SM.03710,197.4034896,58.81135662,142.3894523,34.46443083,232
2,Chitedze,ICGV.SM.05521,91.26470373,57.56351235,46.36920928,32.15238683,233
2,Chitedze,ICGV.SM.05562,133.6692347,65.49217348,64.13601166,33.44093003,234
2,Chitedze,ICGV.SM.05693,83.57282483,11.8313018,25.49450011,23.27478276,235
2,Chitedze,ICGV.SM.05702,144.473554,59.78337837,102.9599776,34.01526454,236
2,Chitedze,ICGV.SM.05723,103.6190449,24.67814396,34.47542566,35.38019979,237
2,Chitedze,ICGV.SM.05738,129.2105321,61.44957741,85.33023309,35.5752936,238
2,Chitedze,ICGV.SM.06687,104.6503594,50.55539746,59.082308,25.22970043,239
2,Chitedze,ICGV.SM.06729,139.6776803,67.61541066,106.6816335,44.25128837,240
2,Chitedze,ICGV.SM.07501,102.1602433,33.7489789,38.51299111,29.436122,241
2,Chitedze,ICGV.SM.07510,95.73268291,62.25616813,54.95605964,26.29035086,242
2,Chitedze,ICGV.SM.07517,92.6581562,36.26410236,38.43840977,27.73585864,243
2,Chitedze,ICGV.SM.07520,160.5021857,60.47134412,123.9077825,25.14469104,244
2,Chitedze,ICGV.SM.07539,128.8850315,64.2340847,85.07090596,32.60326919,245
2,Chitedze,ICGV.SM.07540,134.784527,54.03264006,86.25218074,24.08289173,246
2,Chitedze,ICGV.SM.07541,97.12693901,62.84887511,60.92761611,28.80787248,247
2,Chitedze,ICGV.SM.07553,118.3225384,29.53756713,44.53364397,22.37196319,248
2,Chitedze,ICGV.SM.07593,93.60894068,45.19608943,42.76090206,28.07808874,249
2,Chitedze,ICGV.SM.08503,143.4725287,72.22569094,130.5491931,39.27237345,250
2,Chitedze,ICGV.SM.08533,126.4223577,71.92695367,79.01062911,25.53780492,251
2,Chitedze,ICGV.SM.08540,99.73877243,47.57745049,45.60842648,24.54783447,252
2,Chitedze,ICGV.SM.08577,83.60217472,11.48933506,23.12216216,28.26937793,253
2,Chitedze,ICGV.SM.09511,145.174821,70.73201272,118.5223027,32.53878118,254
2,Chitedze,ICGV.SM.10005,125.7893606,68.94347247,100.7095305,34.26899916,255
2,Chitedze,ICGV.SM.10008,123.7781938,48.15564987,54.05590473,36.32368284,256
2,Chitedze,ICGV.SM.10014,116.6575902,67.49347837,90.89938054,37.95203858,257
2,Chitedze,ICGV.SM.10021,147.7612418,70.13119403,118.3811236,44.19725032,258
2,Chitedze,ICGV.SM.10028,111.9534509,38.39211967,47.52236879,26.07582662,259
2,Chitedze,ICGV.SM.10031,101.1783879,7.896089131,22.21111736,28.34058861,260
2,Chitedze,ICGV.SM.10043,90.34007514,31.66631571,33.27312519,23.12245223,261
2,Chitedze,ICGV.SM.10044,66.97370958,12.69258405,14.75145033,20.43794468,262
2,Chitedze,ICGV.SM.15514,167.857569,68.22567465,116.8468579,25.72644019,263
2,Chitedze,ICGV.SM.15523,151.4259453,51.74347221,83.60314186,36.25988131,264
2,Chitedze,ICGV.SM.15537,100.4793527,10.3189039,26.34999321,21.53439867,265
2,Chitedze,ICGV.SM.15538,89.15734111,33.83637289,31.06361708,27.10457436,266
2,Chitedze,ICGV.SM.15542,95.43727191,12.90751334,29.76460315,22.40106435,267
2,Chitedze,ICGV.SM.15554,103.9143681,62.43014827,49.64979936,26.17595554,268
2,Chitedze,ICGV.SM.15557,104.2427559,23.72977734,36.20563874,22.84302985,269
2,Chitedze,ICGV.SM.15559,93.68105599,13.04758451,30.66302836,22.54820776,270
2,Chitedze,ICGV.SM.15562,95.91819508,16.76300399,27.32636107,22.40279363,271
2,Chitedze,ICGV.SM.15564,108.1741914,15.83569806,29.51532955,25.33117907,272
2,Chitedze,ICGV.SM.15567,104.6290416,62.12707178,62.5553426,26.6248105,273
2,Chitedze,ICGV.SM.15575,177.1543779,66.90618893,133.1193737,34.62682977,274
2,Chitedze,ICGV.SM.15576,181.3837362,63.12760981,131.4346595,35.52403504,275
2,Chitedze,ICGV.SM.15578,193.8534912,70.68310427,172.4558663,32.33937114,276
2,Chitedze,ICGV.SM.15579,158.3589782,70.63789961,141.0587493,36.68366812,277
2,Chitedze,ICGV.SM.15587,172.5718896,68.8630123,125.4539274,38.19574607,278
2,Chitedze,ICGV.SM.15592,151.410397,64.8144034,107.5689632,34.09491908,279
2,Chitedze,ICGV.SM.15593,152.9771781,67.32134889,115.637353,34.78553656,280
2,Chitedze,ICGV.SM.15598,169.5644893,62.0368078,110.3271642,34.07099108,281
2,Chitedze,ICGV.SM.15607,152.9280216,70.28255443,84.40837909,28.67991617,282
2,Chitedze,ICGV.SM.15611,170.8665181,70.88837424,105.7737695,37.57344537,283
2,Chitedze,ICGV.SM.15621,178.3204198,67.43150176,121.1546009,33.11457306,284
2,Chitedze,ICGV.SM.15622,141.9968233,68.43629727,101.2243971,31.37208571,285
2,Chitedze,ICGV.SM.15623,117.240656,68.95719968,60.61426826,29.06885843,286
2,Chitedze,ICGV.SM.15627,108.5638303,39.66536976,39.82376546,35.65323255,287
2,Chitedze,ICGV.SM.15631,172.5308794,58.1235035,104.4603524,35.46993677,288
2,Chitedze,ICGV.SM.16505,97.53533459,46.12213069,45.43867291,22.89957761,289
2,Chitedze,ICGV.SM.16514,127.2448557,73.36394436,103.6175599,25.39363876,290
2,Chitedze,ICGV.SM.16521,133.036446,70.87016347,101.1922076,23.07264255,291
2,Chitedze,ICGV.SM.16523,124.1190125,38.61397818,53.99788174,23.23405542,292
2,Chitedze,ICGV.SM.16527,151.4433424,55.03114893,93.92929957,22.30288617,293
2,Chitedze,ICGV.SM.16528,152.2958757,69.47919041,124.1640969,24.9321001,294
2,Chitedze,ICGV.SM.16529,117.1662545,35.61428356,42.24468982,29.56782142,295
2,Chitedze,ICGV.SM.16531,133.2116712,63.0997549,93.21595923,26.18666584,296
2,Chitedze,ICGV.SM.16554,95.41958962,64.58076022,58.81666903,29.8550039,297
2,Chitedze,ICGV.SM.16555,91.88211055,26.28179452,26.55227528,18.3300619,298
2,Chitedze,ICGV.SM.16556,93.44849687,12.62548935,27.3649218,24.40313881,299
2,Chitedze,ICGV.SM.16557,121.0597454,68.95604965,78.70289481,24.48098957,300
2,Chitedze,ICGV.SM.16558,104.6137726,13.94998911,29.2743231,35.96102184,301
2,Chitedze,ICGV.SM.16559,126.3056055,47.98025974,62.19854028,27.90300465,302
2,Chitedze,ICGV.SM.16560,116.3365605,55.2843631,74.22552784,22.34300829,303
2,Chitedze,ICGV.SM.16562,176.4396102,67.8363637,139.5673459,28.93901965,304
2,Chitedze,ICGV.SM.16563,106.3467391,15.53619726,30.75232719,36.25990362,305
2,Chitedze,ICGV.SM.16565,130.4103844,68.48320604,105.2138182,24.12104172,306
2,Chitedze,ICGV.SM.16567,113.909116,44.76761703,46.56089365,25.37500658,307
2,Chitedze,ICGV.SM.16568,102.7480629,61.79288621,50.89335251,23.2699605,308
2,Chitedze,ICGV.SM.16571,104.6209952,62.63658612,52.12540166,28.95520319,309
2,Chitedze,ICGV.SM.16572,107.2368019,37.25622708,44.8067515,25.66099372,310
2,Chitedze,ICGV.SM.16575,153.7918305,64.08691268,101.1974166,25.57162055,311
2,Chitedze,ICGV.SM.16576,109.7253319,62.76295122,67.2363062,30.38432089,312
2,Chitedze,ICGV.SM.16577,122.376043,65.91905427,77.86626013,23.24045363,313
2,Chitedze,ICGV.SM.16578,118.4059356,20.56967826,40.13783347,25.03130761,314
2,Chitedze,ICGV.SM.16579,107.7638547,29.23765173,49.23822809,27.53704655,315
2,Chitedze,ICGV.SM.16581,142.4246374,46.70037612,77.2492025,21.41410468,316
2,Chitedze,ICGV.SM.16584,112.8508994,69.77771576,70.73502633,26.74262342,317
2,Chitedze,ICGV.SM.16586,132.7544888,59.44698812,69.94421344,24.611986,318
2,Chitedze,ICGV.SM.16587,122.2047641,33.31557487,53.52446661,25.48013927,319
2,Chitedze,ICGV.SM.16589,129.3600617,61.27168414,89.79347002,27.28840227,320
2,Chitedze,ICGV.SM.16591,122.905724,64.03782097,71.86604669,26.51082844,321
2,Chitedze,ICGV.SM.16592,131.0719111,67.19993896,84.82390103,25.44935921,322
2,Chitedze,ICGV.SM.16596,131.400289,38.70747218,57.94708457,27.21826828,323
2,Chitedze,ICGV.SM.16597,95.56415934,36.04983666,35.14391193,26.8456635,324
2,Chitedze,ICGV.SM.16598,117.7975249,42.87765051,56.19762417,26.85884371,325
2,Chitedze,ICGV.SM.16600,121.3997063,29.12689981,45.91128161,23.12191516,326
2,Chitedze,ICGV.SM.16601,158.9900767,59.24602994,108.1108278,31.82475304,327
2,Chitedze,ICGV.SM.16603,117.634011,32.78641643,51.96182068,24.10284114,328
2,Chitedze,ICGV.SM.16605,118.3522288,51.56308163,65.053761,22.16104667,329
2,Chitedze,ICGV.SM.16609,123.8975896,27.71648046,51.32392391,20.57381996,330
2,Chitedze,ICGV.SM.16611,119.1932255,41.57561769,56.57696896,28.0790782,331
2,Chitedze,ICGV.SM.16613,144.9144657,39.1639947,62.77353685,27.15117331,332
2,Chitedze,ICGV.SM.16614,116.0162329,44.91036082,50.16798869,26.48569648,333
2,Chitedze,ICGV.SM.16615,140.5217315,47.84193182,87.01049294,27.18545944,334
2,Chitedze,ICGV.SM.16616,117.0962051,60.13038623,73.55248162,30.27539308,335
2,Chitedze,ICGV.SM.16617,143.8169549,67.99641312,93.93478667,27.02424728,336
2,Chitedze,ICGV.SM.16618,143.047387,43.76328317,72.81803828,28.36757602,337
2,Chitedze,ICGV.SM.16619,119.8327219,33.87609082,48.33766171,24.13303775,338
2,Chitedze,ICGV.SM.16621,90.11945009,59.49466515,41.42518699,21.8094908,339
2,Chitedze,ICGV.SM.16624,144.1386732,60.7193128,113.9864936,25.15683246,340
2,Chitedze,ICGV.SM.16625,136.1242271,66.38015209,89.49971749,31.36717359,341
2,Chitedze,ICGV.SM.16626,121.5768767,54.52633257,70.02031406,30.24191162,342
2,Chitedze,ICGV.SM.16627,152.4407744,60.80747079,130.8925917,27.49039034,343
2,Chitedze,ICGV.SM.16630,101.384901,37.70457582,39.1999025,34.21862651,344
2,Chitedze,ICGV.SM.16631,118.0134453,30.34633809,43.95117979,33.18328684,345
2,Chitedze,ICGV.SM.16633,137.144766,61.33513522,90.06030246,23.39795368,346
2,Chitedze,ICGV.SM.16634,144.1723754,67.8226634,109.2613338,28.96953796,347
2,Chitedze,ICGV.SM.16636,167.672577,66.72045003,114.8044775,37.65921828,348
2,Chitedze,ICGV.SM.16637,145.9167658,46.96077628,82.04582768,30.0219585,349
2,Chitedze,ICGV.SM.3520,122.5600778,68.00240992,99.91080861,24.89197292,350
2,Chitedze,ICGV.SM.6519,90.83493731,50.17861394,45.35415617,25.71923649,351
2,Chitedze,ICGV.SM.6525,90.50505633,4.836686521,27.1363869,19.43357469,352
2,Chitedze,ICGV.SM.6637,90.80688543,69.8443933,51.46684206,41.26979187,353
2,Chitedze,ICGV.SM.7599,94.92494415,26.43943661,30.56227507,29.58750782,354
2,Chitedze,ICGV.SM.8501,146.4384758,70.16312348,112.9069619,38.19936664,355
2,Chitedze,ICGV.SM.8528,104.3029668,14.31335912,31.53821127,25.35044836,356
2,Chitedze,ICGV.SM.8538,128.300014,33.81870487,50.51069636,27.17759467,357
2,Chitedze,ICGV.SM.8547,102.8429352,65.2683647,51.07472659,23.07235532,358
2,Chitedze,ICGV.SM.90704,133.4394422,59.53894078,96.57336556,29.25920877,359
2,Chitedze,ICGV.SM.95714,85.77977867,45.33993121,41.28279339,32.45447488,360
2,Chitedze,ICGV.SM.99537,123.1344919,38.61969435,55.31834695,22.4804281,361
2,Chitedze,ICGV.SM.99551,108.8698801,22.442621,36.88821945,29.19374561,362
2,Chitedze,ICGV.SM.99566,122.8071966,56.05099524,63.82681214,23.59834711,363
2,Chitedze,ICGV.SM.99568,89.52809237,71.82492703,61.00482506,23.41751421,364
2,Chitedze,ICGX.SM.14001.B.6.1.3.1.1,97.80310941,5.216881461,21.49576811,23.85986414,365
2,Chitedze,ICGX.SM.14008.B.2.1.2.2.1.1,157.8098525,58.38515467,111.4392452,26.00953895,366
2,Chitedze,ICGX.SM.14008.B.3.1.1.5.1.1,110.2092198,68.90372925,64.87456043,25.21769597,367
2,Chitedze,ICGX.SM.14008.B.9.1.2.3.1.1,115.2026057,56.344298,78.25513082,28.44036839,368
2,Chitedze,ICGX.SM.14008.B.9.1.2.4.1.1,91.34056495,21.73236786,35.20049778,27.99258037,369
2,Chitedze,ICGX.SM.14014.B.10.1.1.3.1.1,83.4590537,15.10671396,24.76983183,22.99208728,370
2,Chitedze,ICGX.SM.14014.B.6.1.1.5.1.1,160.4505025,72.08403568,149.1038229,33.92466657,371
2,Chitedze,ICGX.SM.14014.B.7.1.2.6.1.1,70.88858792,18.83300222,16.79627779,22.30659053,372
2,Chitedze,ICGX.SM.14017.B.1.1.1.11.1.1,77.9581368,13.01434067,24.37241002,19.49561511,373
2,Chitedze,ICGX.SM.14018.B.3.1.3.6.1.1,94.84137224,32.31958532,34.00518872,27.14144544,374
2,Chitedze,ICGX.SM.14019.B.8.1.1.3.1,92.06925723,15.17234057,26.84808571,26.55128257,375
2,Chitedze,ICGX.SM.14020.B.4.1.3.4.1.1,68.79087069,9.168421281,17.52554512,19.55026893,376
2,Chitedze,ICGX.SM.14020.B.6.1.2.3.1.1,74.30905876,17.98907929,19.98029764,19.82557781,377
2,Chitedze,ICGX.SM.14020.B.6.1.2.4.1.1,89.92830714,23.12421764,28.69500071,26.80439268,378
2,Chitedze,ICGX.SM.14021.B.13.1.1.2.1.1,83.89218121,51.93601266,29.6007389,23.49316664,379
2,Chitedze,ICGX.SM.14025.B.13.1.1.3.1.1,106.7916462,51.78001517,62.95647427,32.25251264,380
2,Chitedze,ICGX.SM.14025.B.17.1.1.6.1.1,158.6055264,62.32378513,122.135829,26.66083543,381
2,Chitedze,ICGX.SM.14026.B.3.1.1.6.1,116.4561036,70.92629604,79.80220755,29.63596047,382
2,Chitedze,ICGX.SM.14033.B.6.1.1.3.1,73.51218704,21.80602995,21.453587,22.20345366,383
2,Chitedze,JL.24,120.1371674,37.63613216,49.50437161,29.25841789,384
3,Nakabango,CG7,38.23572652,47.46439031,15.4960194,43.20670084,385
3,Nakabango,CHALIMBANA,13.40241796,47.46441572,5.588694327,41.25596653,386
3,Nakabango,ICG.12991,24.73984254,47.46439598,13.30196849,40.35540227,387
3,Nakabango,ICG.13099,18.27308496,47.4644797,7.586459737,37.63934876,388
3,Nakabango,ICG.14466,14.68773346,47.46445488,6.194705805,38.38076797,389
3,Nakabango,ICG.405,16.78567821,47.46440811,12.84593319,38.44991178,390
3,Nakabango,ICG.6057,53.76927224,47.46436598,22.76768001,41.59534413,391
3,Nakabango,ICGIL.17101,23.41604536,47.46441457,11.31497105,39.23785653,392
3,Nakabango,ICGIL.17102,24.56110418,47.46437859,15.94528436,40.67111227,393
3,Nakabango,ICGIL.17105,30.1651834,47.46440551,17.89473705,40.02419023,394
3,Nakabango,ICGIL.17106,21.68546911,47.46441684,8.077218516,40.95817201,395
3,Nakabango,ICGIL.17107,33.9028072,47.46440929,13.83842909,40.19687243,396
3,Nakabango,ICGIL.17111,89.68407124,47.46442324,34.10165319,40.55272735,397
3,Nakabango,ICGIL.17112,33.01119883,47.46441915,19.91927884,39.35358627,398
3,Nakabango,ICGIL.17114,61.51318801,47.46439559,25.83186351,40.47319439,399
3,Nakabango,ICGIL.17116,65.56326774,47.46439845,24.62923028,42.26855556,400
3,Nakabango,ICGIL.17119,44.79881416,47.46439716,18.43830782,41.12444726,401
3,Nakabango,ICGIL.17121,6.205949799,47.46442022,6.695274511,38.91440699,402
3,Nakabango,ICGIL.17124,16.91380614,47.46444379,8.410105527,40.91532285,403
3,Nakabango,ICGIL.17126,4.448465189,47.46438494,13.16204672,41.51563215,404
3,Nakabango,ICGIL.17128,36.15500064,47.46439734,16.36476176,42.24464641,405
3,Nakabango,ICGV.00331,76.72725609,47.46437296,36.75221965,42.01624919,406
3,Nakabango,ICGV.01276,60.44138264,47.46433491,37.24424603,40.70980112,407
3,Nakabango,ICGV.02194,30.50473376,47.46441173,15.2870553,40.44869633,408
3,Nakabango,ICGV.02286,54.99033526,47.46440413,17.37697155,40.54639605,409
3,Nakabango,ICGV.15074,36.21288313,47.46440003,12.07623673,40.70924258,410
3,Nakabango,ICGV.16013,15.60647429,47.4643939,9.90153508,39.12756606,411
3,Nakabango,ICGV.16019,14.54369563,47.46439993,7.577834039,43.43738629,412
3,Nakabango,ICGV.16669,24.89174948,47.46438757,16.60987888,41.63418162,413
3,Nakabango,ICGV.1706,31.08491219,47.46436689,11.98277728,42.75070258,414
3,Nakabango,ICGV.171015,18.35911395,47.46440006,11.48236388,42.44124752,415
3,Nakabango,ICGV.171025,51.06633104,47.46439651,25.10410171,41.25144298,416
3,Nakabango,ICGV.SM.01514,80.55404206,47.46437845,37.65310057,38.97236886,417
3,Nakabango,ICGV.SM.01709,151.4357923,47.46437159,69.01300949,42.11518564,418
3,Nakabango,ICGV.SM.01731,129.8318113,47.464362,50.11782386,41.63755295,419
3,Nakabango,ICGV.SM.02724,28.57223271,47.46439988,10.63356679,43.13410242,420
3,Nakabango,ICGV.SM.03517,28.40159709,47.46438919,14.28454276,39.84956822,421
3,Nakabango,ICGV.SM.03519,37.5101167,47.4643822,15.88335037,40.18891068,422
3,Nakabango,ICGV.SM.03708,108.3286673,47.4643664,52.92347657,41.57578604,423
3,Nakabango,ICGV.SM.03710,130.5445752,47.4643537,60.43855746,41.7365893,424
3,Nakabango,ICGV.SM.05521,20.44515087,47.46438311,12.84771089,41.74342335,425
3,Nakabango,ICGV.SM.05562,102.5208483,47.46436573,45.97934974,41.94010873,426
3,Nakabango,ICGV.SM.05693,25.3451392,47.46439587,11.54380772,41.59691186,427
3,Nakabango,ICGV.SM.05702,28.28290753,47.46435848,19.09298858,42.34012891,428
3,Nakabango,ICGV.SM.05723,46.02416546,47.46437277,24.82818728,42.64832033,429
3,Nakabango,ICGV.SM.05738,34.22662378,47.46438618,18.78304065,42.56821214,430
3,Nakabango,ICGV.SM.06687,24.35278192,47.46442558,10.36736587,40.19101401,431
3,Nakabango,ICGV.SM.06729,71.72787113,47.46436712,26.96962795,43.31349688,432
3,Nakabango,ICGV.SM.07501,30.51361905,47.46437394,17.0443707,41.56046711,433
3,Nakabango,ICGV.SM.07510,23.42256487,47.46437289,10.61219869,43.0505707,434
3,Nakabango,ICGV.SM.07517,27.19239016,47.46441628,11.70251295,41.39982033,435
3,Nakabango,ICGV.SM.07520,53.5998598,47.46437378,30.85567761,39.34434153,436
3,Nakabango,ICGV.SM.07539,37.26444063,47.46435928,20.37349062,41.2512569,437
3,Nakabango,ICGV.SM.07540,19.96205346,47.46437786,13.43266939,39.43922975,438
3,Nakabango,ICGV.SM.07541,15.92891125,47.46437022,14.71823377,44.10754236,439
3,Nakabango,ICGV.SM.07553,16.27940425,47.46439526,11.38362212,38.67508431,440
3,Nakabango,ICGV.SM.07593,18.07309742,47.46440826,10.43545786,42.29449175,441
3,Nakabango,ICGV.SM.08503,36.68829298,47.46434348,22.0324334,40.80498761,442
3,Nakabango,ICGV.SM.08533,60.55349584,47.46436882,32.78479358,40.56465066,443
3,Nakabango,ICGV.SM.08540,19.84237953,47.46437829,9.13515595,40.44812752,444
3,Nakabango,ICGV.SM.08577,20.40685049,47.46439219,11.90548398,40.68069827,445
3,Nakabango,ICGV.SM.09511,40.63816715,47.46436921,28.51022897,42.06308904,446
3,Nakabango,ICGV.SM.10005,21.55021614,47.46437823,15.38363786,41.47082672,447
3,Nakabango,ICGV.SM.10008,120.3420756,47.46439234,59.84734827,42.16567776,448
3,Nakabango,ICGV.SM.10014,27.44062973,47.46437141,18.62429461,44.04655573,449
3,Nakabango,ICGV.SM.10021,35.22115652,47.46436975,16.75695014,44.20505621,450
3,Nakabango,ICGV.SM.10028,36.56162921,47.4643914,20.42274997,39.96646837,451
3,Nakabango,ICGV.SM.10031,23.35758716,47.4644193,9.797637267,41.00870885,452
3,Nakabango,ICGV.SM.10043,14.32167059,47.46438935,10.24872835,38.83568948,453
3,Nakabango,ICGV.SM.10044,9.147231034,47.46443469,4.82076528,39.92570266,454
3,Nakabango,ICGV.SM.15514,116.5802361,47.46436278,62.11795722,40.67563637,455
3,Nakabango,ICGV.SM.15523,137.3190595,47.46436929,59.86272295,42.08603207,456
3,Nakabango,ICGV.SM.15537,27.80009486,47.46442963,13.65642796,39.61386738,457
3,Nakabango,ICGV.SM.15538,15.56325376,47.46440348,5.973432085,40.8407394,458
3,Nakabango,ICGV.SM.15542,36.03942349,47.46441633,17.19264542,42.04830222,459
3,Nakabango,ICGV.SM.15554,23.84440311,47.46437336,12.61028875,40.36550308,460
3,Nakabango,ICGV.SM.15557,46.59065329,47.46440816,19.86734026,40.10013576,461
3,Nakabango,ICGV.SM.15559,18.69015402,47.46440329,12.47193701,39.24151799,462
3,Nakabango,ICGV.SM.15562,27.93736331,47.46440486,9.460004957,40.00109932,463
3,Nakabango,ICGV.SM.15564,22.92073468,47.4644153,11.57651503,40.30231509,464
3,Nakabango,ICGV.SM.15567,31.69181314,47.46438185,17.08171748,40.30515919,465
3,Nakabango,ICGV.SM.15575,114.2640701,47.46434862,54.38641709,41.89534481,466
3,Nakabango,ICGV.SM.15576,156.9367741,47.46435999,87.17375401,42.93465651,467
3,Nakabango,ICGV.SM.15578,115.0968959,47.46433877,51.49744581,42.41798194,468
3,Nakabango,ICGV.SM.15579,106.7396222,47.46435989,56.83410372,42.71263198,469
3,Nakabango,ICGV.SM.15587,164.2506092,47.46437051,104.198837,42.86680253,470
3,Nakabango,ICGV.SM.15592,78.88685104,47.46438216,39.62415468,41.60507128,471
3,Nakabango,ICGV.SM.15593,147.6636911,47.46436318,83.19662905,41.67163897,472
3,Nakabango,ICGV.SM.15598,170.4109759,47.46436433,71.25221503,41.47981226,473
3,Nakabango,ICGV.SM.15607,136.1156833,47.46439075,52.70447957,40.78248251,474
3,Nakabango,ICGV.SM.15611,163.2007455,47.46436351,65.21018678,42.19265203,475
3,Nakabango,ICGV.SM.15621,171.4616675,47.4643569,71.03895282,40.38857003,476
3,Nakabango,ICGV.SM.15622,134.4208018,47.4643847,80.30543234,40.43231947,477
3,Nakabango,ICGV.SM.15623,139.6100266,47.46436626,71.77233821,41.19307797,478
3,Nakabango,ICGV.SM.15627,61.21839193,47.46439217,35.52702702,42.74794575,479
3,Nakabango,ICGV.SM.15631,106.7510085,47.46436067,45.88674262,41.10089329,480
3,Nakabango,ICGV.SM.16505,28.09033295,47.46438011,15.34316623,39.59420553,481
3,Nakabango,ICGV.SM.16514,19.58271711,47.46436847,11.69903762,40.17226511,482
3,Nakabango,ICGV.SM.16521,49.02938621,47.46435525,22.97448321,39.24732656,483
3,Nakabango,ICGV.SM.16523,24.10948425,47.46440499,11.17242894,39.53375657,484
3,Nakabango,ICGV.SM.16527,41.04218046,47.46435935,16.14170684,39.31543029,485
3,Nakabango,ICGV.SM.16528,61.05741282,47.46436689,31.49029231,39.3887901,486
3,Nakabango,ICGV.SM.16529,36.35397631,47.46439223,15.71850604,41.80489496,487
3,Nakabango,ICGV.SM.16531,28.07421586,47.46435684,18.698997,40.49934389,488
3,Nakabango,ICGV.SM.16554,17.58211347,47.4643922,12.33581068,42.05741329,489
3,Nakabango,ICGV.SM.16555,20.16549386,47.46441618,17.05404287,40.49158833,490
3,Nakabango,ICGV.SM.16556,19.91468938,47.46442252,16.15812549,40.7367057,491
3,Nakabango,ICGV.SM.16557,18.80023669,47.4643861,10.10931568,41.53598456,492
3,Nakabango,ICGV.SM.16558,16.27765453,47.46441455,8.399409049,45.25058471,493
3,Nakabango,ICGV.SM.16559,29.61827345,47.46437311,14.03091852,41.09264019,494
3,Nakabango,ICGV.SM.16560,23.6762718,47.46435874,14.12466464,39.85581889,495
3,Nakabango,ICGV.SM.16562,119.6084361,47.46437281,75.12718411,41.21137717,496
3,Nakabango,ICGV.SM.16563,42.20282634,47.46439762,18.04090291,43.64282068,497
3,Nakabango,ICGV.SM.16565,27.18775848,47.46436601,14.14150466,40.03598617,498
3,Nakabango,ICGV.SM.16567,24.09778,47.46438101,13.46421106,38.99767635,499
3,Nakabango,ICGV.SM.16568,49.17253076,47.46436894,23.60950696,39.30872816,500
3,Nakabango,ICGV.SM.16571,30.06502606,47.46437599,12.86943658,39.58029758,501
3,Nakabango,ICGV.SM.16572,44.67087425,47.46438282,19.40643011,39.88268095,502
3,Nakabango,ICGV.SM.16575,72.53807062,47.46437005,32.90971483,40.85391184,503
3,Nakabango,ICGV.SM.16576,19.60149882,47.46438789,10.94471234,40.88519603,504
3,Nakabango,ICGV.SM.16577,33.89394489,47.46435394,19.099021,40.25814569,505
3,Nakabango,ICGV.SM.16578,27.59688107,47.4643955,10.00800405,41.04795838,506
3,Nakabango,ICGV.SM.16579,10.80833685,47.46435837,21.87557597,39.85015353,507
3,Nakabango,ICGV.SM.16581,32.0265523,47.4643649,17.36374096,39.04121723,508
3,Nakabango,ICGV.SM.16584,28.60916979,47.46436663,13.15042262,41.64043945,509
3,Nakabango,ICGV.SM.16586,104.6997189,47.46436952,43.2167873,39.46265732,510
3,Nakabango,ICGV.SM.16587,35.51982798,47.46435989,20.44774232,40.09046457,511
3,Nakabango,ICGV.SM.16589,17.99324806,47.46437107,15.03753539,41.13235169,512
3,Nakabango,ICGV.SM.16591,46.18558225,47.46435889,22.28732346,39.94674525,513
3,Nakabango,ICGV.SM.16592,36.42464756,47.46437687,19.57812088,41.34904161,514
3,Nakabango,ICGV.SM.16596,58.20034191,47.46441123,25.507183,40.69293823,515
3,Nakabango,ICGV.SM.16597,36.57564403,47.46437718,17.94844909,40.48434952,516
3,Nakabango,ICGV.SM.16598,30.73341576,47.46435447,28.91019693,40.62421464,517
3,Nakabango,ICGV.SM.16600,31.41071946,47.4644007,12.775035,39.88224192,518
3,Nakabango,ICGV.SM.16601,99.2805689,47.46438865,40.45557786,40.22615751,519
3,Nakabango,ICGV.SM.16603,11.61291752,47.46438556,9.119403748,39.9246489,520
3,Nakabango,ICGV.SM.16605,22.5911179,47.46438733,12.16697008,40.74506201,521
3,Nakabango,ICGV.SM.16609,20.66527841,47.4643835,12.81190963,38.09957457,522
3,Nakabango,ICGV.SM.16611,29.40794807,47.46438723,13.98577283,42.17580582,523
3,Nakabango,ICGV.SM.16613,75.79638258,47.46436812,33.7384122,41.74547016,524
3,Nakabango,ICGV.SM.16614,30.32682955,47.46437844,16.95968597,40.3801214,525
3,Nakabango,ICGV.SM.16615,16.07684919,47.4643928,10.40566016,41.55597289,526
3,Nakabango,ICGV.SM.16616,8.819742327,47.46437698,7.659018551,40.88936797,527
3,Nakabango,ICGV.SM.16617,42.09267724,47.46436857,21.1240384,41.4955816,528
3,Nakabango,ICGV.SM.16618,64.53105244,47.46437624,27.25587202,39.96321999,529
3,Nakabango,ICGV.SM.16619,35.95901703,47.46438879,18.36734333,39.87161983,530
3,Nakabango,ICGV.SM.16621,25.1271261,47.46438686,12.78760266,40.56621938,531
3,Nakabango,ICGV.SM.16624,25.01368848,47.46437266,14.40635159,41.30542545,532
3,Nakabango,ICGV.SM.16625,57.09322986,47.46438731,26.72902653,41.08237512,533
3,Nakabango,ICGV.SM.16626,56.79393373,47.46440121,26.53594367,40.70151758,534
3,Nakabango,ICGV.SM.16627,46.41595225,47.46436963,19.32659027,41.50951531,535
3,Nakabango,ICGV.SM.16630,36.76659028,47.46436735,15.70991695,41.69382937,536
3,Nakabango,ICGV.SM.16631,40.69649504,47.464398,17.81577466,41.15302811,537
3,Nakabango,ICGV.SM.16633,38.9728895,47.46435825,22.16168609,39.29106215,538
3,Nakabango,ICGV.SM.16634,41.4926484,47.4643543,21.80421342,41.01061768,539
3,Nakabango,ICGV.SM.16636,178.0659372,47.4643894,88.82677876,41.5055873,540
3,Nakabango,ICGV.SM.16637,50.16034773,47.4643846,21.86637804,41.06917648,541
3,Nakabango,ICGV.SM.3520,18.37021239,47.46437259,10.74509563,39.60647345,542
3,Nakabango,ICGV.SM.6519,17.98819832,47.46439363,8.371799925,40.46921289,543
3,Nakabango,ICGV.SM.6525,28.75175082,47.46446528,13.23993107,40.88084283,544
3,Nakabango,ICGV.SM.6637,21.51751127,47.4643737,14.41676043,42.14236439,545
3,Nakabango,ICGV.SM.7599,24.93323058,47.46437938,19.26163781,40.69955314,546
3,Nakabango,ICGV.SM.8501,90.76373715,47.46435613,39.95423881,42.32079234,547
3,Nakabango,ICGV.SM.8528,31.57315911,47.46440621,13.24785166,41.35016321,548
3,Nakabango,ICGV.SM.8538,48.2702145,47.46438324,19.67471427,40.68766092,549
3,Nakabango,ICGV.SM.8547,30.67266952,47.46437978,12.52091044,40.91056057,550
3,Nakabango,ICGV.SM.90704,82.1099817,47.46436411,41.7933736,40.90074951,551
3,Nakabango,ICGV.SM.95714,4.9798692,47.4643845,5.236942539,41.7635316,552
3,Nakabango,ICGV.SM.99537,47.62972664,47.46439591,21.70606734,38.79013811,553
3,Nakabango,ICGV.SM.99551,27.69050714,47.4644062,15.9657373,40.41554492,554
3,Nakabango,ICGV.SM.99566,51.83342108,47.4643617,22.72604292,39.64418515,555
3,Nakabango,ICGV.SM.99568,14.69184455,47.46438659,9.146609681,39.42230396,556
3,Nakabango,ICGX.SM.14001.B.6.1.3.1.1,64.94983591,47.46444646,23.26156578,40.58876091,557
3,Nakabango,ICGX.SM.14008.B.2.1.2.2.1.1,33.02541885,47.4643836,16.56401953,41.27241586,558
3,Nakabango,ICGX.SM.14008.B.3.1.1.5.1.1,34.14246807,47.46436424,15.92418702,40.57758167,559
3,Nakabango,ICGX.SM.14008.B.9.1.2.3.1.1,20.40736381,47.46437587,14.27927573,39.4006519,560
3,Nakabango,ICGX.SM.14008.B.9.1.2.4.1.1,6.574565934,47.46440313,18.64669053,40.6815786,561
3,Nakabango,ICGX.SM.14014.B.10.1.1.3.1.1,35.85407657,47.46440861,16.41270841,39.45086844,562
3,Nakabango,ICGX.SM.14014.B.6.1.1.5.1.1,68.57293757,47.46436215,34.10900522,41.86198891,563
3,Nakabango,ICGX.SM.14014.B.7.1.2.6.1.1,17.56870243,47.464446,4.105952345,40.0262314,564
3,Nakabango,ICGX.SM.14017.B.1.1.1.11.1.1,8.393591653,47.46446013,8.202278799,39.46171034,565
3,Nakabango,ICGX.SM.14018.B.3.1.3.6.1.1,16.0146873,47.46439288,8.978324423,39.39350543,566
3,Nakabango,ICGX.SM.14019.B.8.1.1.3.1,23.35759794,47.46440077,13.78751162,40.08039077,567
3,Nakabango,ICGX.SM.14020.B.4.1.3.4.1.1,8.105097615,47.46442651,6.490556938,39.21095955,568
3,Nakabango,ICGX.SM.14020.B.6.1.2.3.1.1,4.511351674,47.46441963,7.967303006,39.5629098,569
3,Nakabango,ICGX.SM.14020.B.6.1.2.4.1.1,18.24806073,47.46440871,10.98597521,39.7921826,570
3,Nakabango,ICGX.SM.14021.B.13.1.1.2.1.1,14.06621071,47.46439772,8.748064688,39.7901166,571
3,Nakabango,ICGX.SM.14025.B.13.1.1.3.1.1,33.99538591,47.46436758,15.51613433,41.0757799,572
3,Nakabango,ICGX.SM.14025.B.17.1.1.6.1.1,38.1592142,47.46436614,19.8879761,41.28203767,573
3,Nakabango,ICGX.SM.14026.B.3.1.1.6.1,43.80014424,47.46434406,20.41563815,41.57482466,574
3,Nakabango,ICGX.SM.14033.B.6.1.1.3.1,10.25335252,47.46441603,5.964289941,38.96093152,575
3,Nakabango,JL.24,38.57433526,47.46439074,19.90689902,40.96579958,576
4,Serere,CG7,97.5462393,38.75645411,39.81973219,46.03276942,577
4,Serere,CHALIMBANA,70.99685569,40.4046406,29.39634835,43.93094849,578
4,Serere,ICG.12991,87.13300642,36.09378561,34.24459725,42.2247799,579
4,Serere,ICG.13099,75.74202725,43.41643984,33.71199021,38.97820186,580
4,Serere,ICG.14466,78.70440752,42.11250328,34.06451975,40.20443597,581
4,Serere,ICG.405,82.38604294,41.34964628,35.83415884,40.26443342,582
4,Serere,ICG.6057,108.5819788,43.96989375,49.09994106,43.82979098,583
4,Serere,ICGIL.17101,99.72462662,42.9838991,43.56382116,41.21692718,584
4,Serere,ICGIL.17102,110.430421,45.01879191,51.45007455,42.72775683,585
4,Serere,ICGIL.17105,92.05562779,42.08168156,40.60007081,42.06693414,586
4,Serere,ICGIL.17106,90.51681728,40.14145235,34.44936074,43.26038828,587
4,Serere,ICGIL.17107,104.7809167,44.69792634,47.07144308,42.19721116,588
4,Serere,ICGIL.17111,102.6158488,40.15277076,40.27310575,43.09702435,589
4,Serere,ICGIL.17112,111.5280046,44.0548055,52.98232307,41.1659486,590
4,Serere,ICGIL.17114,110.391976,43.53150955,48.68443388,42.6269071,591
4,Serere,ICGIL.17116,99.09550243,41.06549998,41.35174427,44.50434029,592
4,Serere,ICGIL.17119,97.45078425,42.62906332,42.33557696,43.34844394,593
4,Serere,ICGIL.17121,67.07800624,41.7823809,29.42322738,40.98917308,594
4,Serere,ICGIL.17124,76.67859983,40.70766882,32.90482094,42.79696437,595
4,Serere,ICGIL.17126,75.05593918,39.66440244,33.5264767,43.79702039,596
4,Serere,ICGIL.17128,87.71495278,42.43643366,38.66286173,44.68544247,597
4,Serere,ICGV.00331,104.0543758,37.65132658,41.13262546,44.44752472,598
4,Serere,ICGV.01276,120.9168664,43.14429474,56.17531459,43.30722286,599
4,Serere,ICGV.02194,101.4659057,38.90727743,39.59818541,42.62459795,600
4,Serere,ICGV.02286,108.681038,39.19368834,41.94396137,42.33134636,601
4,Serere,ICGV.15074,80.26393732,40.42140887,33.50424768,42.6001216,602
4,Serere,ICGV.16013,83.63310915,42.05732517,36.94321868,41.09027014,603
4,Serere,ICGV.16019,71.11518964,37.29045611,29.11802891,45.61714023,604
4,Serere,ICGV.16669,102.5127551,44.1958668,47.50411994,43.95108734,605
4,Serere,ICGV.1706,93.27037093,39.4269396,38.13211385,45.55265891,606
4,Serere,ICGV.171015,92.21468226,36.48895606,35.36594824,44.96175078,607
4,Serere,ICGV.171025,89.36115685,42.15147715,38.22621372,43.92121212,608
4,Serere,ICGV.SM.01514,105.7834645,39.32382809,42.33130745,41.22961849,609
4,Serere,ICGV.SM.01709,144.6197641,39.45244241,57.21334456,44.44204476,610
4,Serere,ICGV.SM.01731,108.1045553,43.60870699,44.99011914,44.38238457,611
4,Serere,ICGV.SM.02724,85.09243203,40.78737043,33.36456317,45.90853627,612
4,Serere,ICGV.SM.03517,110.8597231,41.76592808,46.57131477,42.18185211,613
4,Serere,ICGV.SM.03519,108.1181751,38.20098238,41.34534331,42.13378601,614
4,Serere,ICGV.SM.03708,121.9295685,46.45286916,58.64914245,43.99594492,615
4,Serere,ICGV.SM.03710,147.0482229,42.8364844,61.79528196,44.35287413,616
4,Serere,ICGV.SM.05521,81.23531154,40.2038118,34.76088817,44.07950837,617
4,Serere,ICGV.SM.05562,120.9866111,40.03098222,49.15135968,44.42950407,618
4,Serere,ICGV.SM.05693,79.38663439,44.55771732,35.25656488,43.5395947,619
4,Serere,ICGV.SM.05702,111.1026848,41.439469,47.58752441,44.91784093,620
4,Serere,ICGV.SM.05723,97.81814502,47.93512362,44.36383772,45.37001643,621
4,Serere,ICGV.SM.05738,96.97134282,39.89673036,40.03606181,45.23370495,622
4,Serere,ICGV.SM.06687,78.25973126,39.52314836,31.93463332,42.25519707,623
4,Serere,ICGV.SM.06729,99.53866124,38.97491859,39.26468378,46.46398787,624
4,Serere,ICGV.SM.07501,94.44847658,44.87962645,42.4335268,43.86070909,625
4,Serere,ICGV.SM.07510,79.15573001,39.24667401,32.96061982,45.161896,626
4,Serere,ICGV.SM.07517,77.0354023,35.1754386,30.47073894,43.50370203,627
4,Serere,ICGV.SM.07520,109.4613992,42.40115402,46.21794434,41.31972761,628
4,Serere,ICGV.SM.07539,106.23768,42.06509753,46.44543603,43.72880779,629
4,Serere,ICGV.SM.07540,101.3253921,42.98543404,43.60056967,41.41612942,630
4,Serere,ICGV.SM.07541,76.79122313,38.51502417,32.77704519,46.2333512,631
4,Serere,ICGV.SM.07553,108.6644533,44.16062976,49.12003328,40.4712779,632
4,Serere,ICGV.SM.07593,79.89245216,38.46556026,32.51132113,44.2979653,633
4,Serere,ICGV.SM.08503,104.1002393,42.23377646,45.39297648,43.69131853,634
4,Serere,ICGV.SM.08533,111.7911977,36.60850309,46.68714952,42.57560549,635
4,Serere,ICGV.SM.08540,88.45098029,36.58214148,34.07613507,42.43101214,636
4,Serere,ICGV.SM.08577,78.65880181,44.91658621,35.45371179,42.93501605,637
4,Serere,ICGV.SM.09511,107.5195008,40.58430976,45.66548515,44.50409741,638
4,Serere,ICGV.SM.10005,91.65442486,36.19010868,37.14983318,44.02016589,639
4,Serere,ICGV.SM.10008,111.4989377,37.18418556,48.00250148,44.97486256,640
4,Serere,ICGV.SM.10014,82.34511025,37.13803091,34.34784359,46.75093496,641
4,Serere,ICGV.SM.10021,108.7229163,40.14629286,44.30287853,47.18046853,642
4,Serere,ICGV.SM.10028,95.59237479,43.04229866,41.35196682,42.12682068,643
4,Serere,ICGV.SM.10031,76.80802453,41.5489964,30.15364191,43.27115033,644
4,Serere,ICGV.SM.10043,81.62839724,41.18098953,34.63686844,40.79308616,645
4,Serere,ICGV.SM.10044,70.24041596,37.27773333,29.98136055,41.85708202,646
4,Serere,ICGV.SM.15514,141.9485594,44.19770085,64.63298929,42.7164777,647
4,Serere,ICGV.SM.15523,124.9498348,42.24667689,50.93796404,44.67440054,648
4,Serere,ICGV.SM.15537,98.23085312,39.04704122,39.71140932,41.48804473,649
4,Serere,ICGV.SM.15538,78.23082031,39.56547718,32.33379589,43.02823098,650
4,Serere,ICGV.SM.15542,84.93677783,35.96453056,33.65288434,43.91443817,651
4,Serere,ICGV.SM.15554,95.41827037,38.30963686,38.77414942,42.49782864,652
4,Serere,ICGV.SM.15557,95.07040154,35.64881026,36.48278543,42.0156412,653
4,Serere,ICGV.SM.15559,89.76485907,38.97102308,37.79633482,41.21014202,654
4,Serere,ICGV.SM.15562,89.39248209,39.98952186,35.98001959,41.85076705,655
4,Serere,ICGV.SM.15564,96.162914,37.15538032,36.61847181,42.37524954,656
4,Serere,ICGV.SM.15567,80.77365715,37.79154448,33.78588219,42.42965874,657
4,Serere,ICGV.SM.15575,136.7623383,44.04993606,60.08446096,44.48554251,658
4,Serere,ICGV.SM.15576,137.1957297,41.2936185,58.9295453,45.51351632,659
4,Serere,ICGV.SM.15578,137.3777569,47.99323574,65.81506928,44.77030982,660
4,Serere,ICGV.SM.15579,112.2222991,44.85733639,49.01056395,45.3913378,661
4,Serere,ICGV.SM.15587,136.2928491,41.47452533,61.84372925,45.64762554,662
4,Serere,ICGV.SM.15592,120.7788771,41.93771978,51.50275566,44.16444853,663
4,Serere,ICGV.SM.15593,112.2801886,42.99260786,50.30935167,44.25250233,664
4,Serere,ICGV.SM.15598,134.0913592,41.49103078,54.26775827,44.06595544,665
4,Serere,ICGV.SM.15607,135.1628615,39.49859834,52.55291283,42.97573303,666
4,Serere,ICGV.SM.15611,148.2120577,40.57118039,59.30343296,44.85690675,667
4,Serere,ICGV.SM.15621,142.9083216,40.00252698,57.15573994,42.82943128,668
4,Serere,ICGV.SM.15622,112.7367111,41.11749915,50.09902348,42.72273279,669
4,Serere,ICGV.SM.15623,100.5040444,39.4159852,43.32664491,43.58469184,670
4,Serere,ICGV.SM.15627,106.491945,39.73043456,46.98676502,45.32239235,671
4,Serere,ICGV.SM.15631,143.8398582,42.2854507,60.57232002,43.690555,672
4,Serere,ICGV.SM.16505,81.89987083,39.02108301,34.21382107,41.50903176,673
4,Serere,ICGV.SM.16514,95.85863681,38.60255475,38.92878685,42.13703219,674
4,Serere,ICGV.SM.16521,99.69393117,39.6747686,40.07560302,41.16186283,675
4,Serere,ICGV.SM.16523,105.5240577,36.22417782,38.77033244,41.48310759,676
4,Serere,ICGV.SM.16527,122.6707307,44.50459097,52.91446557,41.21889776,677
4,Serere,ICGV.SM.16528,112.2354816,37.59907177,44.02110663,41.45813776,678
4,Serere,ICGV.SM.16529,110.2286802,38.2592468,42.43911345,44.00012401,679
4,Serere,ICGV.SM.16531,102.7424145,44.76996212,47.04202866,42.55734791,680
4,Serere,ICGV.SM.16554,77.46831678,35.05167268,31.53266692,44.3014382,681
4,Serere,ICGV.SM.16555,96.09877008,38.45771084,39.65524083,42.20972119,682
4,Serere,ICGV.SM.16556,84.03040085,38.17534155,34.97503699,42.73572639,683
4,Serere,ICGV.SM.16557,101.6975599,37.13907002,39.32571486,43.53200149,684
4,Serere,ICGV.SM.16558,80.70909974,37.48608181,31.66130228,48.09462861,685
4,Serere,ICGV.SM.16559,112.0133157,41.53666579,46.91566631,43.25255767,686
4,Serere,ICGV.SM.16560,88.15128312,42.83479988,37.45279813,41.70187832,687
4,Serere,ICGV.SM.16562,133.5699342,39.73747748,56.62759794,43.4829285,688
4,Serere,ICGV.SM.16563,92.26193873,43.03167144,39.28311738,46.33878951,689
4,Serere,ICGV.SM.16565,97.68998641,38.08252919,39.32239634,41.97527948,690
4,Serere,ICGV.SM.16567,107.94354,38.35821858,42.19950135,40.97933812,691
4,Serere,ICGV.SM.16568,89.90808297,39.11292882,37.02594223,41.38569221,692
4,Serere,ICGV.SM.16571,95.35584377,38.01859834,37.22808808,41.85303084,693
4,Serere,ICGV.SM.16572,90.25756872,38.44589338,36.09489269,41.9223114,694
4,Serere,ICGV.SM.16575,122.8709612,38.51525365,47.64429049,42.95314273,695
4,Serere,ICGV.SM.16576,88.50219121,35.50668427,35.06986711,43.18665265,696
4,Serere,ICGV.SM.16577,104.884924,38.95477968,43.79192036,42.15958073,697
4,Serere,ICGV.SM.16578,92.0811845,40.27522671,35.71339853,43.12986574,698
4,Serere,ICGV.SM.16579,82.24698231,48.16912732,39.07120418,41.97389836,699
4,Serere,ICGV.SM.16581,119.6317261,40.3724391,48.80619629,40.92544584,700
4,Serere,ICGV.SM.16584,95.29390019,39.15679195,39.17478678,43.68501121,701
4,Serere,ICGV.SM.16586,117.7432837,43.34406676,50.68055872,41.52601295,702
4,Serere,ICGV.SM.16587,103.1192385,44.65511857,48.62765111,42.1385643,703
4,Serere,ICGV.SM.16589,97.09025485,38.20808149,39.25732713,43.28796323,704
4,Serere,ICGV.SM.16591,102.6707714,39.70304635,42.34385314,42.12742837,705
4,Serere,ICGV.SM.16592,110.5361806,40.82285979,45.31025992,43.42752042,706
4,Serere,ICGV.SM.16596,104.5638708,39.63730831,40.77866884,42.78768142,707
4,Serere,ICGV.SM.16597,89.74714154,39.73376282,37.7248888,42.74139908,708
4,Serere,ICGV.SM.16598,107.2647787,46.79114274,53.32790427,42.76264223,709
4,Serere,ICGV.SM.16600,100.667176,38.8444067,38.39885425,41.72448162,710
4,Serere,ICGV.SM.16601,111.7270051,39.05314815,43.43702761,42.64046423,711
4,Serere,ICGV.SM.16603,90.61120775,38.08666543,35.25263276,41.81085189,712
4,Serere,ICGV.SM.16605,98.7015147,39.43656735,39.5888404,42.57442935,713
4,Serere,ICGV.SM.16609,95.37778963,38.61545006,37.42913105,39.89544539,714
4,Serere,ICGV.SM.16611,99.14648624,37.41920837,38.62736397,44.17730571,715
4,Serere,ICGV.SM.16613,130.7353879,42.5908629,55.28990568,43.86755988,716
4,Serere,ICGV.SM.16614,108.7065469,41.29384158,45.62969888,42.51828977,717
4,Serere,ICGV.SM.16615,100.0598334,35.16767305,36.34550213,43.59792366,718
4,Serere,ICGV.SM.16616,96.4423095,39.57937142,39.76900428,43.2773616,719
4,Serere,ICGV.SM.16617,123.6073172,36.37808282,49.475647,43.61601972,720
4,Serere,ICGV.SM.16618,116.4050549,39.32805665,46.02427069,42.15277782,721
4,Serere,ICGV.SM.16619,101.8360868,39.40596873,40.71400991,41.89140393,722
4,Serere,ICGV.SM.16621,81.01577776,33.17885064,31.9450409,42.41136455,723
4,Serere,ICGV.SM.16624,106.5276929,40.03216234,43.21558325,43.31831036,724
4,Serere,ICGV.SM.16625,111.6719955,38.32161807,44.50101778,43.50347978,725
4,Serere,ICGV.SM.16626,95.12019923,41.17495303,39.18883527,42.89644505,726
4,Serere,ICGV.SM.16627,103.8720374,39.3445937,41.01749094,43.5836906,727
4,Serere,ICGV.SM.16630,92.35172463,42.61407755,39.85088862,44.3120621,728
4,Serere,ICGV.SM.16631,101.5090458,39.34429867,40.01396413,43.65588964,729
4,Serere,ICGV.SM.16633,110.4069317,40.36433181,45.84759044,41.22458097,730
4,Serere,ICGV.SM.16634,111.0014846,41.72742571,47.11253049,43.26798286,731
4,Serere,ICGV.SM.16636,130.9363609,42.1221728,55.54931018,44.2979672,732
4,Serere,ICGV.SM.16637,108.836636,38.79553791,41.939488,43.39715526,733
4,Serere,ICGV.SM.3520,88.72529292,40.04144784,36.83018091,41.55621272,734
4,Serere,ICGV.SM.6519,76.13459087,35.31448685,30.61826955,42.45630626,735
4,Serere,ICGV.SM.6525,87.77301128,41.2404621,37.0860362,42.63683659,736
4,Serere,ICGV.SM.6637,79.82829566,40.60310781,34.76370903,44.81562681,737
4,Serere,ICGV.SM.7599,97.81502131,44.47539406,45.74225932,43.20487605,738
4,Serere,ICGV.SM.8501,113.2002289,45.71482527,50.58737539,44.9392017,739
4,Serere,ICGV.SM.8528,104.4812739,39.05394996,42.19611388,43.4702951,740
4,Serere,ICGV.SM.8538,114.0186237,42.01315531,47.20684929,42.82945958,741
4,Serere,ICGV.SM.8547,96.64118628,39.59715935,38.82993499,42.8025735,742
4,Serere,ICGV.SM.90704,94.23726657,42.54495461,40.22815103,43.19547361,743
4,Serere,ICGV.SM.95714,68.90786035,40.69031481,29.25996776,44.18218916,744
4,Serere,ICGV.SM.99537,104.1227977,40.38070474,42.54859561,40.65525698,745
4,Serere,ICGV.SM.99551,89.99272188,39.37303702,36.43394752,42.73385461,746
4,Serere,ICGV.SM.99566,110.2594822,42.71713653,47.8689843,41.57916648,747
4,Serere,ICGV.SM.99568,70.33914263,37.25489552,29.07969495,41.29033835,748
4,Serere,ICGX.SM.14001.B.6.1.3.1.1,91.68669567,42.15729034,37.54654868,42.53045433,749
4,Serere,ICGX.SM.14008.B.2.1.2.2.1.1,119.6325821,39.01651798,46.70251551,43.27839155,750
4,Serere,ICGX.SM.14008.B.3.1.1.5.1.1,94.31926608,36.48815625,36.73182587,42.51826707,751
4,Serere,ICGX.SM.14008.B.9.1.2.3.1.1,88.52552115,40.19382741,37.82785268,41.65840606,752
4,Serere,ICGX.SM.14008.B.9.1.2.4.1.1,87.69498799,44.66448167,42.40306631,42.95295582,753
4,Serere,ICGX.SM.14014.B.10.1.1.3.1.1,82.29487398,43.60115127,36.45779935,41.53967688,754
4,Serere,ICGX.SM.14014.B.6.1.1.5.1.1,105.5773436,37.76688173,42.35174893,44.43509784,755
4,Serere,ICGX.SM.14014.B.7.1.2.6.1.1,69.71761708,40.7679469,29.37701546,42.03414722,756
4,Serere,ICGX.SM.14017.B.1.1.1.11.1.1,71.3226257,40.4306724,30.98256945,41.20864761,757
4,Serere,ICGX.SM.14018.B.3.1.3.6.1.1,86.85169017,40.36463943,37.02354749,41.55978303,758
4,Serere,ICGX.SM.14019.B.8.1.1.3.1,79.63682707,40.68875896,32.81952087,42.23392364,759
4,Serere,ICGX.SM.14020.B.4.1.3.4.1.1,69.43643839,44.10696662,31.1783583,41.07459352,760
4,Serere,ICGX.SM.14020.B.6.1.2.3.1.1,75.28078595,41.88265876,33.18711685,41.36801999,761
4,Serere,ICGX.SM.14020.B.6.1.2.4.1.1,78.48544808,40.13318297,32.92548518,41.96048078,762
4,Serere,ICGX.SM.14021.B.13.1.1.2.1.1,82.05411352,42.57361049,36.05885109,41.70356767,763
4,Serere,ICGX.SM.14025.B.13.1.1.3.1.1,85.64000091,40.90963431,35.82669294,43.52416495,764
4,Serere,ICGX.SM.14025.B.17.1.1.6.1.1,124.7115183,44.26171522,56.16837491,43.34355537,765
4,Serere,ICGX.SM.14026.B.3.1.1.6.1,95.63956052,42.58283086,42.15551067,43.84295457,766
4,Serere,ICGX.SM.14033.B.6.1.1.3.1,66.44391152,38.65422178,28.3171437,40.94117959,767
4,Serere,JL.24,110.2528111,42.02848622,46.72963579,43.22566986,768
